<?xml version="1.0" encoding="UTF-8"?>
<metadata xml:lang="fr"><Esri><CreaDate>20140903</CreaDate><CreaTime>15170200</CreaTime><ArcGISFormat>1.0</ArcGISFormat><SyncOnce>TRUE</SyncOnce><DataProperties><lineage><Process ToolSource="c:\program files\arcgis\desktop10.0\ArcToolbox\Toolboxes\Conversion Tools.tbx\FeatureclassToCoverage" Date="20130805" Time="114705">FeatureclassToCoverage "Arc_ND_Junctions POINT;Arc ROUTE" C:\Users\Emery\Documents\Thèse\Data\Localisation_SIG\Graphes_Test_Nico\Graphe_Node_PM\Graphe_complet_Test\Couv # DOUBLE</Process><Process ToolSource="C:\Program Files\ArcGIS\Desktop10.0\ArcToolbox\Toolboxes\Data Management Tools.tbx\CalculateField" Date="20130805" Time="115546">CalculateField Arc_Node ID [COUV_ID] VB #</Process><Process ToolSource="C:\Program Files\ArcGIS\Desktop10.0\ArcToolbox\Toolboxes\Data Management Tools.tbx\CalculateField" Date="20130805" Time="115552">CalculateField Arc_Node ID [COUV_ID] VB #</Process><Process ToolSource="C:\Program Files\ArcGIS\Desktop10.0\ArcToolbox\Toolboxes\Data Management Tools.tbx\CalculateField" Date="20130805" Time="120315">CalculateField Arc_Node Vitesse 50 VB #</Process><Process ToolSource="C:\Program Files\ArcGIS\Desktop10.0\ArcToolbox\Toolboxes\Data Management Tools.tbx\CalculateField" Date="20130805" Time="120347">CalculateField Arc_Node Vitesse 35 VB #</Process><Process ToolSource="C:\Program Files\ArcGIS\Desktop10.0\ArcToolbox\Toolboxes\Data Management Tools.tbx\CalculateField" Date="20130805" Time="120405">CalculateField Arc_Node Vitesse 25 VB #</Process><Process ToolSource="C:\Program Files\ArcGIS\Desktop10.0\ArcToolbox\Toolboxes\Data Management Tools.tbx\CalculateField" Date="20130805" Time="120431">CalculateField Arc_Node Vitesse 50 VB #</Process><Process ToolSource="C:\Program Files\ArcGIS\Desktop10.0\ArcToolbox\Toolboxes\Data Management Tools.tbx\CalculateField" Date="20130903" Time="084655">CalculateField Arc FRC 1 VB #</Process><Process ToolSource="C:\Program Files\ArcGIS\Desktop10.0\ArcToolbox\Toolboxes\Data Management Tools.tbx\CalculateField" Date="20130903" Time="084712">CalculateField Arc FRC 2 VB #</Process><Process ToolSource="C:\Program Files\ArcGIS\Desktop10.0\ArcToolbox\Toolboxes\Data Management Tools.tbx\CalculateField" Date="20130903" Time="084847">CalculateField Arc FRC 3 VB #</Process><Process ToolSource="C:\Program Files\ArcGIS\Desktop10.0\ArcToolbox\Toolboxes\Data Management Tools.tbx\CalculateField" Date="20130903" Time="084900">CalculateField Arc FRC 4 VB #</Process><Process ToolSource="c:\program files (x86)\arcgis\desktop10.1\ArcToolbox\Toolboxes\Data Management Tools.tbx\CalculateField" Date="20140903" Time="150104">CalculateField Arc ONEWAY TF VB #</Process><Process ToolSource="c:\program files (x86)\arcgis\desktop10.1\ArcToolbox\Toolboxes\Data Management Tools.tbx\CalculateField" Date="20140903" Time="150511">CalculateField Arc SPEED [Vitesse] VB #</Process><Process ToolSource="c:\program files (x86)\arcgis\desktop10.1\ArcToolbox\Toolboxes\Data Management Tools.tbx\CalculateField" Date="20140903" Time="150803">CalculateField Arc CAPACITY 4000 VB #</Process><Process ToolSource="c:\program files (x86)\arcgis\desktop10.1\ArcToolbox\Toolboxes\Data Management Tools.tbx\CalculateField" Date="20140903" Time="150817">CalculateField Arc CAPACITY 3000 VB #</Process><Process ToolSource="c:\program files (x86)\arcgis\desktop10.1\ArcToolbox\Toolboxes\Data Management Tools.tbx\CalculateField" Date="20140903" Time="150836">CalculateField Arc CAPACITY 1800 VB #</Process><Process ToolSource="c:\program files (x86)\arcgis\desktop10.1\ArcToolbox\Toolboxes\Data Management Tools.tbx\CalculateField" Date="20140903" Time="150859">CalculateField Arc CAPACITY 1500 VB #</Process><Process ToolSource="c:\program files (x86)\arcgis\desktop10.1\ArcToolbox\Toolboxes\Data Management Tools.tbx\CalculateField" Date="20140903" Time="150911">CalculateField Arc CAPACITY 1000 VB #</Process><Process ToolSource="c:\program files (x86)\arcgis\desktop10.1\ArcToolbox\Toolboxes\Data Management Tools.tbx\CalculateField" Date="20140903" Time="151041">CalculateField Arc TYPE_MOBIS [FRC] VB #</Process><Process ToolSource="c:\program files (x86)\arcgis\desktop10.1\ArcToolbox\Toolboxes\Data Management Tools.tbx\CalculateField" Date="20140903" Time="151050">CalculateField Arc TYPE_BDTOP [FRC] VB #</Process></lineage><itemProps><itemLocation><linkage Sync="TRUE">file://\\THEMA-I7\C$\Users\Emery\Documents\Thèse\Data\Localisation_SIG\Graphes_Test_Nico\Graphe_Node_PM\Graph_Dijon\Arc_Node</linkage><protocol Sync="TRUE">Local Area Network</protocol></itemLocation></itemProps><copyHistory><copy source="C:\Users\Emery\Documents\Thèse\Data\Localisation_SIG\Graphes_Test_Nico\Graphe_Node_PM\Graph_Dijon\Def\Arc_Node" dest="\\THEMA-I7\C$\Users\Emery\Documents\Thèse\Data\Localisation_SIG\Graphes_Test_Nico\Graphe_Node_PM\Graph_Dijon\Arc_Node" date="20130805" time="15152300"></copy></copyHistory></DataProperties></Esri></metadata>
