<?xml version="1.0" encoding="UTF-8"?>
<metadata xml:lang="fr"><Esri><CreaDate>20140903</CreaDate><CreaTime>15172300</CreaTime><ArcGISFormat>1.0</ArcGISFormat><SyncOnce>TRUE</SyncOnce><DataProperties><lineage><Process ToolSource="c:\program files\arcgis\desktop10.0\ArcToolbox\Toolboxes\Conversion Tools.tbx\FeatureclassToCoverage" Date="20130805" Time="114705">FeatureclassToCoverage "Arc_ND_Junctions POINT;Arc ROUTE" C:\Users\Emery\Documents\Thèse\Data\Localisation_SIG\Graphes_Test_Nico\Graphe_Node_PM\Graphe_complet_Test\Couv # DOUBLE</Process><Process ToolSource="C:\Program Files\ArcGIS\Desktop10.0\ArcToolbox\Toolboxes\Data Management Tools.tbx\CalculateField" Date="20130805" Time="120131">CalculateField Noeuds ID [COUV_ID] VB #</Process></lineage><itemProps><itemLocation><linkage Sync="TRUE">file://\\THEMA-I7\C$\Users\Emery\Documents\Thèse\Data\Localisation_SIG\Graphes_Test_Nico\Graphe_Node_PM\Graph_Dijon\Noeuds</linkage><protocol Sync="TRUE">Local Area Network</protocol></itemLocation></itemProps><copyHistory><copy source="C:\Users\Emery\Documents\Thèse\Data\Localisation_SIG\Graphes_Test_Nico\Graphe_Node_PM\Graph_Dijon\Def\Noeuds" dest="\\THEMA-I7\C$\Users\Emery\Documents\Thèse\Data\Localisation_SIG\Graphes_Test_Nico\Graphe_Node_PM\Graph_Dijon\Noeuds" date="20130805" time="15152900"></copy></copyHistory></DataProperties></Esri></metadata>
